ticker,carrier,fiscal_year,quarter,period_end,buyback_musd,avg_price,shares_bought,value_today_musd,spy_value_musd,debt_value_musd,even_spend_musd,even_value_musd,net_debt_ebitda_2019
AAL,American,2015,Q1,3/31/15,181,48.17,3757525.431,49.34,817.29,281.95,526.3913043,143.48,5.20847308
AAL,American,2015,Q2,6/30/15,750,43.35,17301038.06,227.16,3309.13,1157.09,526.3913043,159.44,5.20847308
AAL,American,2015,Q3,9/30/15,1480,39.12,37832310.84,496.74,6735.69,2261.15,526.3913043,176.67,5.20847308
AAL,American,2015,Q4,12/31/15,1435,41.38,34678588.69,455.33,6416.39,2171.11,526.3913043,167.03,5.20847308
AAL,American,2016,Q1,3/31/16,1525,38.53,39579548.4,519.68,7133.99,2285.11,526.3913043,179.38,5.20847308
AAL,American,2016,Q2,6/30/16,1711,32.44,52743526.51,692.52,7488.75,2539.2,526.3913043,213.06,5.20847308
AAL,American,2016,Q3,9/30/16,695,34.02,20429159.32,268.23,2904.72,1021.39,526.3913043,203.16,5.20847308
AAL,American,2016,Q4,12/31/16,569,42.05,13531510.11,177.67,2340.89,828.1,526.3913043,164.36,5.20847308
AAL,American,2017,Q1,3/31/17,484,43.78,11055276.38,145.16,1861.44,697.7,526.3913043,157.87,5.20847308
AAL,American,2017,Q2,6/30/17,529,45.08,11734693.88,154.08,1963.99,755.25,526.3913043,153.32,5.20847308
AAL,American,2017,Q3,9/30/17,359,47,7638297.872,100.29,1289.28,507.56,526.3913043,147.05,5.20847308
AAL,American,2017,Q4,12/31/17,243,48.51,5009276.438,65.77,823.28,340.22,526.3913043,142.48,5.20847308
AAL,American,2018,Q1,3/31/18,461,52.27,8819590.587,115.8,1480.89,639.31,526.3913043,132.23,5.20847308
AAL,American,2018,Q2,6/30/18,376,43.1,8723897.912,114.54,1215.7,516.43,526.3913043,160.36,5.20847308
AAL,American,2018,Q3,9/30/18,0,38.31,0,0,0,0,0,0,5.20847308
AAL,American,2018,Q4,12/31/18,0,34.21,0,0,0,0,0,0,5.20847308
AAL,American,2019,Q1,3/31/19,608,33.11,18363032.32,241.11,1925.16,811.15,526.3913043,208.74,5.20847308
AAL,American,2019,Q2,6/30/19,17,31.92,532581.4536,6.99,50.58,22.46,526.3913043,216.53,5.20847308
AAL,American,2019,Q3,9/30/19,200,29.02,6891798.759,90.49,577.09,261.7,526.3913043,238.16,5.20847308
AAL,American,2019,Q4,12/31/19,272,28.37,9587592.527,125.89,749.63,352.45,526.3913043,243.62,5.20847308
AAL,American,2020,Q1,3/31/20,171,22.75,7516483.516,98.69,473.39,219.45,526.3913043,303.8,5.20847308
AAL,American,2020,Q2,6/30/20,2,12.13,164880.4617,2.16,5.74,2.54,526.3913043,569.79,5.20847308
AAL,American,2020,Q3,9/30/20,0,12.53,0,0,0,0,0,0,5.20847308
AAL,American,2020,Q4,12/31/20,0,13.86,0,0,0,0,0,0,5.20847308
AAL,American,2021,Q1,3/31/21,13,19.29,673924.3131,8.85,27.95,16.05,526.3913043,358.3,5.20847308
AAL,American,2021,Q2,6/30/21,0,22.62,0,0,0,0,0,0,5.20847308
AAL,American,2021,Q3,9/30/21,0,20.27,0,0,0,0,0,0,5.20847308
AAL,American,2021,Q4,12/31/21,5,19.18,260688.2169,3.42,8.94,6,526.3913043,360.35,5.20847308
AAL,American,2022,Q1,3/31/22,0,17,0,0,0,0,0,0,5.20847308
AAL,American,2022,Q2,6/30/22,0,16.65,0,0,0,0,0,0,5.20847308
AAL,American,2022,Q3,9/30/22,0,13.94,0,0,0,0,0,0,5.20847308
AAL,American,2022,Q4,12/31/22,21,13.56,1548672.566,20.33,44.18,24.23,526.3913043,509.7,5.20847308
ALK,Alaska,2015,Q1,3/31/15,102,59.43,1716304.897,72.15,460.57,158.89,70.90322581,50.16,1.134589502
ALK,Alaska,2015,Q2,6/30/15,160,59.18,2703616.087,113.66,705.95,246.85,70.90322581,50.37,1.134589502
ALK,Alaska,2015,Q3,9/30/15,119,70.36,1691301.876,71.1,541.59,181.81,70.90322581,42.36,1.134589502
ALK,Alaska,2015,Q4,12/31/15,124,73.15,1695146.958,71.26,554.45,187.61,70.90322581,40.75,1.134589502
ALK,Alaska,2016,Q1,3/31/16,127,68.47,1854826.932,77.98,594.11,190.3,70.90322581,43.53,1.134589502
ALK,Alaska,2016,Q2,6/30/16,66,64.23,1027557.216,43.2,288.87,97.95,70.90322581,46.41,1.134589502
ALK,Alaska,2016,Q3,9/30/16,0,61.44,0,0,0,0,0,0,1.134589502
ALK,Alaska,2016,Q4,12/31/16,0,73.89,0,0,0,0,0,0,1.134589502
ALK,Alaska,2017,Q1,3/31/17,0,89.03,0,0,0,0,0,0,1.134589502
ALK,Alaska,2017,Q2,6/30/17,22,82.77,265796.7863,11.17,81.68,31.41,70.90322581,36.01,1.134589502
ALK,Alaska,2017,Q3,9/30/17,28,77.46,361476.8913,15.2,100.56,39.59,70.90322581,38.48,1.134589502
ALK,Alaska,2017,Q4,12/31/17,25,67.65,369549.15,15.54,84.7,35,70.90322581,44.06,1.134589502
ALK,Alaska,2018,Q1,3/31/18,13,63.43,204950.339,8.62,41.76,18.03,70.90322581,46.99,1.134589502
ALK,Alaska,2018,Q2,6/30/18,12,59.49,201714.5739,8.48,38.8,16.48,70.90322581,50.11,1.134589502
ALK,Alaska,2018,Q3,9/30/18,12,62.6,191693.2907,8.06,36.64,16.32,70.90322581,47.62,1.134589502
ALK,Alaska,2018,Q4,12/31/18,13,62.77,207105.3051,8.71,41.73,17.51,70.90322581,47.49,1.134589502
ALK,Alaska,2019,Q1,3/31/19,13,59.56,218267.2935,9.18,41.16,17.34,70.90322581,50.05,1.134589502
ALK,Alaska,2019,Q2,6/30/19,12,59.66,201139.7922,8.46,35.7,15.86,70.90322581,49.96,1.134589502
ALK,Alaska,2019,Q3,9/30/19,727,62.15,11697506.03,491.76,2097.74,951.27,70.90322581,47.96,1.134589502
ALK,Alaska,2019,Q4,12/31/19,-677,67.73,-9995570.648,-420.21,-1865.81,-877.24,0,0,1.134589502
ALK,Alaska,2020,Q1,3/31/20,31,54.2,571955.7196,24.05,85.82,39.78,70.90322581,55,1.134589502
ALK,Alaska,2020,Q2,6/30/20,0,32.56,0,0,0,0,0,0,1.134589502
ALK,Alaska,2020,Q3,9/30/20,0,37.46,0,0,0,0,0,0,1.134589502
ALK,Alaska,2020,Q4,12/31/20,0,44.98,0,0,0,0,0,0,1.134589502
ALK,Alaska,2021,Q1,3/31/21,0,60.1,0,0,0,0,0,0,1.134589502
ALK,Alaska,2021,Q2,6/30/21,0,67.48,0,0,0,0,0,0,1.134589502
ALK,Alaska,2021,Q3,9/30/21,0,57.63,0,0,0,0,0,0,1.134589502
ALK,Alaska,2021,Q4,12/31/21,0,54.14,0,0,0,0,0,0,1.134589502
ALK,Alaska,2022,Q1,3/31/22,0,54.53,0,0,0,0,0,0,1.134589502
ALK,Alaska,2022,Q2,6/30/22,0,48.82,0,0,0,0,0,0,1.134589502
ALK,Alaska,2022,Q3,9/30/22,0,43.92,0,0,0,0,0,0,1.134589502
ALK,Alaska,2022,Q4,12/31/22,0,44.06,0,0,0,0,0,0,1.134589502
ALK,Alaska,2023,Q1,3/31/23,18,46.91,383713.4939,16.13,36.31,20.57,70.90322581,63.54,1.134589502
ALK,Alaska,2023,Q2,6/30/23,39,45.46,857897.0524,36.07,74.52,44.13,70.90322581,65.57,1.134589502
ALK,Alaska,2023,Q3,9/30/23,13,45.29,287039.0815,12.07,23.35,14.57,70.90322581,65.82,1.134589502
ALK,Alaska,2023,Q4,12/31/23,67,35.66,1878855.861,78.99,119.74,74.35,70.90322581,83.59,1.134589502
ALK,Alaska,2024,Q1,3/31/24,20,37.41,534616.4127,22.48,31.86,21.98,70.90322581,79.68,1.134589502
ALK,Alaska,2024,Q2,6/30/24,29,42.43,683478.6708,28.73,43.81,31.57,70.90322581,70.25,1.134589502
ALK,Alaska,2024,Q3,9/30/24,14,37.94,369003.69,15.51,19.96,15.09,70.90322581,78.57,1.134589502
ALK,Alaska,2024,Q4,12/31/24,249,52.57,4736541.754,199.12,332.07,265.81,70.90322581,56.7,1.134589502
ALK,Alaska,2025,Q1,3/31/25,105,65.65,1599390.708,67.24,139.89,111.02,70.90322581,45.4,1.134589502
ALK,Alaska,2025,Q2,6/30/25,430,48.58,8851379.168,372.11,587.3,450.3,70.90322581,61.36,1.134589502
ALK,Alaska,2025,Q3,9/30/25,5,55.61,89911.88635,3.78,6.07,5.19,70.90322581,53.6,1.134589502
ALK,Alaska,2025,Q4,12/31/25,30,46.23,648929.2667,27.28,34.46,30.81,70.90322581,64.48,1.134589502
ALK,Alaska,2026,Q1,3/31/26,193,48.21,4003318.814,168.3,219.72,196.32,70.90322581,61.83,1.134589502
ALK,Alaska,2026,Q2,6/30/26,57,42.71,1334582.065,56.11,60.69,57.42,70.90322581,69.79,1.134589502
DAL,Delta,2015,Q1,3/31/15,425,40.33,10538061,844.84,1919.04,662.04,496.3809524,986.73,1.447874769
DAL,Delta,2015,Q2,6/30/15,925,38.1,24278215.22,1946.38,4081.27,1427.08,496.3809524,1044.48,1.447874769
DAL,Delta,2015,Q3,9/30/15,425,39.24,10830784.91,868.3,1934.24,649.32,496.3809524,1014.14,1.447874769
DAL,Delta,2015,Q4,12/31/15,425,43.33,9808446.804,786.34,1900.32,643.01,496.3809524,918.41,1.447874769
DAL,Delta,2016,Q1,3/31/16,775,41.05,18879415.35,1513.56,3625.47,1161.29,496.3809524,969.42,1.447874769
DAL,Delta,2016,Q2,6/30/16,1026,37.49,27367297.95,2194.04,4490.62,1522.63,496.3809524,1061.48,1.447874769
DAL,Delta,2016,Q3,9/30/16,500,33.51,14920919.13,1196.21,2089.73,734.82,496.3809524,1187.55,1.447874769
DAL,Delta,2016,Q4,12/31/16,300,40.59,7390983.001,592.54,1234.21,436.61,496.3809524,980.41,1.447874769
DAL,Delta,2017,Q1,3/31/17,200,43.61,4586104.105,367.67,769.19,288.31,496.3809524,912.52,1.447874769
DAL,Delta,2017,Q2,6/30/17,600,43.97,13645667.5,1093.97,2227.59,856.61,496.3809524,905.05,1.447874769
DAL,Delta,2017,Q3,9/30/17,550,44.94,12238540.28,981.16,1975.21,777.6,496.3809524,885.51,1.447874769
DAL,Delta,2017,Q4,12/31/17,327,47.41,6897279.055,552.95,1107.87,457.83,496.3809524,839.38,1.447874769
DAL,Delta,2018,Q1,3/31/18,325,50.35,6454816.286,517.48,1044.01,450.71,496.3809524,790.36,1.447874769
DAL,Delta,2018,Q2,6/30/18,600,49.01,12242399.51,981.47,1939.94,824.08,496.3809524,811.97,1.447874769
DAL,Delta,2018,Q3,9/30/18,325,50.99,6373798.784,510.99,992.39,442.04,496.3809524,780.44,1.447874769
DAL,Delta,2018,Q4,12/31/18,325,50.69,6411521.01,514.01,1043.18,437.75,496.3809524,785.06,1.447874769
DAL,Delta,2019,Q1,3/31/19,1325,46.41,28549881.49,2288.84,4195.45,1767.73,496.3809524,857.46,1.447874769
DAL,Delta,2019,Q2,6/30/19,268,52.87,5069037.261,406.38,797.38,354.11,496.3809524,752.69,1.447874769
DAL,Delta,2019,Q3,9/30/19,209,56.27,3714234.939,297.77,603.06,273.47,496.3809524,707.21,1.447874769
DAL,Delta,2019,Q4,12/31/19,225,53.67,4192286.193,336.1,620.1,291.55,496.3809524,741.47,1.447874769
DAL,Delta,2020,Q1,3/31/20,344,47.64,7220822.838,578.89,952.32,441.47,496.3809524,835.32,1.447874769
DAL,Delta,2020,Q2,6/30/20,0,24.56,0,0,0,0,0,0,1.447874769
DAL,Delta,2020,Q3,9/30/20,0,27.83,0,0,0,0,0,0,1.447874769
DAL,Delta,2020,Q4,12/31/20,0,35.11,0,0,0,0,0,0,1.447874769
DAL,Delta,2021,Q1,3/31/21,0,42.7,0,0,0,0,0,0,1.447874769
DAL,Delta,2021,Q2,6/30/21,0,44.69,0,0,0,0,0,0,1.447874769
DAL,Delta,2021,Q3,9/30/21,0,39.41,0,0,0,0,0,0,1.447874769
DAL,Delta,2021,Q4,12/31/21,0,38.64,0,0,0,0,0,0,1.447874769
DAL,Delta,2022,Q1,3/31/22,0,37.59,0,0,0,0,0,0,1.447874769
DAL,Delta,2022,Q2,6/30/22,0,36.8,0,0,0,0,0,0,1.447874769
DAL,Delta,2022,Q3,9/30/22,0,30.65,0,0,0,0,0,0,1.447874769
DAL,Delta,2022,Q4,12/31/22,0,31.99,0,0,0,0,0,0,1.447874769
JBLU,JetBlue,2015,Q1,3/31/15,0,17.02,0,0,0,0,0,0,1.376603774
JBLU,JetBlue,2015,Q2,6/30/15,0,20.25,0,0,0,0,0,0,1.376603774
JBLU,JetBlue,2015,Q3,9/30/15,0,23.57,0,0,0,0,0,0,1.376603774
JBLU,JetBlue,2015,Q4,12/31/15,0,24.91,0,0,0,0,0,0,1.376603774
JBLU,JetBlue,2016,Q1,3/31/16,13,21.03,618164.5269,2.86,60.81,19.48,196.25,43.21,1.376603774
JBLU,JetBlue,2016,Q2,6/30/16,0,18.58,0,0,0,0,0,0,1.376603774
JBLU,JetBlue,2016,Q3,9/30/16,0,17.09,0,0,0,0,0,0,1.376603774
JBLU,JetBlue,2016,Q4,12/31/16,107,19.75,5417721.519,25.08,440.2,155.72,196.25,46.01,1.376603774
JBLU,JetBlue,2017,Q1,3/31/17,109,20.39,5345757.724,24.75,419.21,157.13,196.25,44.56,1.376603774
JBLU,JetBlue,2017,Q2,6/30/17,0,21.98,0,0,0,0,0,0,1.376603774
JBLU,JetBlue,2017,Q3,9/30/17,0,20.96,0,0,0,0,0,0,1.376603774
JBLU,JetBlue,2017,Q4,12/31/17,271,20.43,13264806.66,61.42,918.14,379.43,196.25,44.48,1.376603774
JBLU,JetBlue,2018,Q1,3/31/18,131,21.26,6161806.209,28.53,420.82,181.67,196.25,42.74,1.376603774
JBLU,JetBlue,2018,Q2,6/30/18,0,19.25,0,0,0,0,0,0,1.376603774
JBLU,JetBlue,2018,Q3,9/30/18,0,18.96,0,0,0,0,0,0,1.376603774
JBLU,JetBlue,2018,Q4,12/31/18,244,17.43,13998852.55,64.81,783.19,328.65,196.25,52.13,1.376603774
JBLU,JetBlue,2019,Q1,3/31/19,0,17.12,0,0,0,0,0,0,1.376603774
JBLU,JetBlue,2019,Q2,6/30/19,0,17.88,0,0,0,0,0,0,1.376603774
JBLU,JetBlue,2019,Q3,9/30/19,0,18.14,0,0,0,0,0,0,1.376603774
JBLU,JetBlue,2019,Q4,12/31/19,535,18.58,28794402.58,133.32,1474.46,693.24,196.25,48.9,1.376603774
JBLU,JetBlue,2020,Q1,3/31/20,0,16.58,0,0,0,0,0,0,1.376603774
JBLU,JetBlue,2020,Q2,6/30/20,0,9.85,0,0,0,0,0,0,1.376603774
JBLU,JetBlue,2020,Q3,9/30/20,0,11.22,0,0,0,0,0,0,1.376603774
JBLU,JetBlue,2020,Q4,12/31/20,160,13.72,11661807.58,53.99,375.44,199.43,196.25,66.23,1.376603774
LUV,Southwest,2015,Q1,3/31/15,300,38.09,7876082.961,312.05,1354.62,467.32,501.1923077,521.32,-0.018199234
LUV,Southwest,2015,Q2,6/30/15,380,34.15,11127379.21,440.87,1676.63,586.26,501.1923077,581.47,-0.018199234
LUV,Southwest,2015,Q3,9/30/15,500,32.3,15479876.16,613.31,2275.57,763.9,501.1923077,614.78,-0.018199234
LUV,Southwest,2015,Q4,12/31/15,0,38.81,0,0,0,0,0,0,-0.018199234
LUV,Southwest,2016,Q1,3/31/16,500,35.73,13993842.71,554.44,2339.01,749.22,501.1923077,555.76,-0.018199234
LUV,Southwest,2016,Q2,6/30/16,700,37.64,18597236.98,736.82,3063.78,1038.83,501.1923077,527.56,-0.018199234
LUV,Southwest,2016,Q3,9/30/16,250,33.53,7456009.544,295.41,1044.86,367.41,501.1923077,592.22,-0.018199234
LUV,Southwest,2016,Q4,12/31/16,300,39.63,7570022.71,299.92,1234.21,436.61,501.1923077,501.07,-0.018199234
LUV,Southwest,2017,Q1,3/31/17,550,47.63,11547344.11,457.51,2115.27,792.84,501.1923077,416.91,-0.018199234
LUV,Southwest,2017,Q2,6/30/17,400,51.63,7747433.663,306.95,1485.06,571.08,501.1923077,384.61,-0.018199234
LUV,Southwest,2017,Q3,9/30/17,300,49.92,6009615.385,238.1,1077.39,424.15,501.1923077,397.78,-0.018199234
LUV,Southwest,2017,Q4,12/31/17,350,52.41,6678114.864,264.59,1185.79,490.03,501.1923077,378.88,-0.018199234
LUV,Southwest,2018,Q1,3/31/18,500,53.63,9323140.034,369.38,1606.17,693.4,501.1923077,370.26,-0.018199234
LUV,Southwest,2018,Q2,6/30/18,500,47.14,10606703.44,420.24,1616.62,686.74,501.1923077,421.24,-0.018199234
LUV,Southwest,2018,Q3,9/30/18,500,52.54,9516558.812,377.05,1526.76,680.07,501.1923077,377.95,-0.018199234
LUV,Southwest,2018,Q4,12/31/18,500,47.82,10455876.2,414.26,1604.9,673.46,501.1923077,415.25,-0.018199234
LUV,Southwest,2019,Q1,3/31/19,500,47.64,10495382.03,415.83,1583.19,667.07,501.1923077,416.82,-0.018199234
LUV,Southwest,2019,Q2,6/30/19,450,46.94,9586706.434,379.83,1338.89,594.59,501.1923077,423.03,-0.018199234
LUV,Southwest,2019,Q3,9/30/19,500,47.59,10506408.91,416.26,1442.74,654.24,501.1923077,417.26,-0.018199234
LUV,Southwest,2019,Q4,12/31/19,550,50.59,10871713.78,430.74,1515.8,712.68,501.1923077,392.51,-0.018199234
LUV,Southwest,2020,Q1,3/31/20,451,45.38,9938298.81,393.76,1248.54,578.78,501.1923077,437.58,-0.018199234
LUV,Southwest,2020,Q2,6/30/20,0,29.17,0,0,0,0,0,0,-0.018199234
LUV,Southwest,2020,Q3,9/30/20,0,32.62,0,0,0,0,0,0,-0.018199234
LUV,Southwest,2020,Q4,12/31/20,0,39.77,0,0,0,0,0,0,-0.018199234
LUV,Southwest,2021,Q1,3/31/21,0,48.85,0,0,0,0,0,0,-0.018199234
LUV,Southwest,2021,Q2,6/30/21,0,55.02,0,0,0,0,0,0,-0.018199234
LUV,Southwest,2021,Q3,9/30/21,0,46.37,0,0,0,0,0,0,-0.018199234
LUV,Southwest,2021,Q4,12/31/21,0,43.1,0,0,0,0,0,0,-0.018199234
LUV,Southwest,2022,Q1,3/31/22,0,40.36,0,0,0,0,0,0,-0.018199234
LUV,Southwest,2022,Q2,6/30/22,0,39.47,0,0,0,0,0,0,-0.018199234
LUV,Southwest,2022,Q3,9/30/22,0,34.39,0,0,0,0,0,0,-0.018199234
LUV,Southwest,2022,Q4,12/31/22,0,33.1,0,0,0,0,0,0,-0.018199234
LUV,Southwest,2023,Q1,3/31/23,0,31.42,0,0,0,0,0,0,-0.018199234
LUV,Southwest,2023,Q2,6/30/23,0,29.11,0,0,0,0,0,0,-0.018199234
LUV,Southwest,2023,Q3,9/30/23,0,30.48,0,0,0,0,0,0,-0.018199234
LUV,Southwest,2023,Q4,12/31/23,0,24.42,0,0,0,0,0,0,-0.018199234
LUV,Southwest,2024,Q1,3/31/24,0,29.26,0,0,0,0,0,0,-0.018199234
LUV,Southwest,2024,Q2,6/30/24,0,26.49,0,0,0,0,0,0,-0.018199234
LUV,Southwest,2024,Q3,9/30/24,0,26.48,0,0,0,0,0,0,-0.018199234
LUV,Southwest,2024,Q4,12/31/24,250,30.66,8153946.51,323.06,333.4,266.88,501.1923077,647.66,-0.018199234
LUV,Southwest,2025,Q1,3/31/25,750,30.62,24493794.91,970.44,999.24,793.03,501.1923077,648.51,-0.018199234
LUV,Southwest,2025,Q2,6/30/25,1500,29.28,51229508.2,2029.71,2048.7,1570.83,501.1923077,678.18,-0.018199234
LUV,Southwest,2025,Q3,9/30/25,250,32,7812500,309.53,303.59,259.26,501.1923077,620.54,-0.018199234
LUV,Southwest,2025,Q4,12/31/25,50,34.33,1456452.083,57.7,57.43,51.35,501.1923077,578.42,-0.018199234
LUV,Southwest,2026,Q1,3/31/26,1250,44.6,28026905.83,1110.43,1423.05,1271.53,501.1923077,445.23,-0.018199234
LUV,Southwest,2026,Q2,6/30/26,0,41.66,0,0,0,0,0,0,-0.018199234
UAL,United,2015,Q1,3/31/15,195,67.75,2878228.782,320.58,880.5,303.76,348.2142857,572.46,2.312945819
UAL,United,2015,Q2,6/30/15,250,57.89,4318535.153,481,1103.04,385.7,348.2142857,669.96,2.312945819
UAL,United,2015,Q3,9/30/15,265,56.42,4696915.987,523.14,1206.05,404.87,348.2142857,687.42,2.312945819
UAL,United,2015,Q4,12/31/15,523,57.74,9057845.514,1008.86,2338.52,791.28,348.2142857,671.7,2.312945819
UAL,United,2016,Q1,3/31/16,1392,53.1,26214689.27,2919.79,6511.81,2085.82,348.2142857,730.4,2.312945819
UAL,United,2016,Q2,6/30/16,790,47.32,16694843.62,1859.47,3457.69,1172.39,348.2142857,819.61,2.312945819
UAL,United,2016,Q3,9/30/16,260,48.11,5404281.854,601.93,1086.66,382.1,348.2142857,806.15,2.312945819
UAL,United,2016,Q4,12/31/16,172,63.72,2699309.479,300.65,707.62,250.32,348.2142857,608.66,2.312945819
UAL,United,2017,Q1,3/31/17,258,72.28,3569452.131,397.57,992.26,371.92,348.2142857,536.58,2.312945819
UAL,United,2017,Q2,6/30/17,454,75.5,6013245.033,669.76,1685.54,648.17,348.2142857,513.7,2.312945819
UAL,United,2017,Q3,9/30/17,579,66.62,8691083.759,968.01,2079.36,818.6,348.2142857,582.17,2.312945819
UAL,United,2017,Q4,12/31/17,553,62.33,8872132.2,988.18,1873.55,774.25,348.2142857,622.24,2.312945819
UAL,United,2018,Q1,3/31/18,529,69.09,7656679.693,852.8,1699.33,733.61,348.2142857,561.36,2.312945819
UAL,United,2018,Q2,6/30/18,440,69.49,6331846.309,705.24,1422.63,604.33,348.2142857,558.13,2.312945819
UAL,United,2018,Q3,9/30/18,41,82.48,497090.2037,55.37,125.19,55.77,348.2142857,470.22,2.312945819
UAL,United,2018,Q4,12/31/18,225,87.84,2561475.41,285.3,722.2,303.06,348.2142857,441.53,2.312945819
UAL,United,2019,Q1,3/31/19,513,84.4,6078199.052,676.99,1624.35,684.41,348.2142857,459.53,2.312945819
UAL,United,2019,Q2,6/30/19,549,84.63,6487061.326,722.53,1633.45,725.4,348.2142857,458.28,2.312945819
UAL,United,2019,Q3,9/30/19,369,88.37,4175625.212,465.08,1064.74,482.83,348.2142857,438.88,2.312945819
UAL,United,2019,Q4,12/31/19,214,89.75,2384401.114,265.57,589.78,277.3,348.2142857,432.13,2.312945819
UAL,United,2020,Q1,3/31/20,353,66.12,5338777.979,594.63,977.24,453.02,348.2142857,586.57,2.312945819
UAL,United,2020,Q2,6/30/20,0,29.99,0,0,0,0,0,0,2.312945819
UAL,United,2020,Q3,9/30/20,0,34.59,0,0,0,0,0,0,2.312945819
UAL,United,2020,Q4,12/31/20,0,40.45,0,0,0,0,0,0,2.312945819
UAL,United,2021,Q1,3/31/21,0,48.83,0,0,0,0,0,0,2.312945819
UAL,United,2021,Q2,6/30/21,0,55.46,0,0,0,0,0,0,2.312945819
UAL,United,2021,Q3,9/30/21,0,47.12,0,0,0,0,0,0,2.312945819
UAL,United,2021,Q4,12/31/21,0,46.38,0,0,0,0,0,0,2.312945819
UAL,United,2022,Q1,3/31/22,0,43.35,0,0,0,0,0,0,2.312945819
UAL,United,2022,Q2,6/30/22,0,43.89,0,0,0,0,0,0,2.312945819
UAL,United,2022,Q3,9/30/22,0,37.2,0,0,0,0,0,0,2.312945819
UAL,United,2022,Q4,12/31/22,0,40.58,0,0,0,0,0,0,2.312945819
UAL,United,2023,Q1,3/31/23,0,47.92,0,0,0,0,0,0,2.312945819
UAL,United,2023,Q2,6/30/23,0,47.22,0,0,0,0,0,0,2.312945819
UAL,United,2023,Q3,9/30/23,0,50.56,0,0,0,0,0,0,2.312945819
UAL,United,2023,Q4,12/31/23,0,39.32,0,0,0,0,0,0,2.312945819
UAL,United,2024,Q1,3/31/24,0,42.85,0,0,0,0,0,0,2.312945819
UAL,United,2024,Q2,6/30/24,0,50.33,0,0,0,0,0,0,2.312945819
UAL,United,2024,Q3,9/30/24,82,46.29,1771440.916,197.3,116.88,88.39,348.2142857,837.85,2.312945819
UAL,United,2024,Q4,12/31/24,80,84.54,946297.6106,105.4,106.69,85.4,348.2142857,458.77,2.312945819
UAL,United,2025,Q1,3/31/25,349,94.43,3695859.367,411.64,464.98,369.02,348.2142857,410.72,2.312945819
UAL,United,2025,Q2,6/30/25,240,73.67,3257771.142,362.85,327.79,251.33,348.2142857,526.46,2.312945819
UAL,United,2025,Q3,9/30/25,21,96.17,218363.315,24.32,25.5,21.78,348.2142857,403.29,2.312945819
UAL,United,2025,Q4,12/31/25,27,101.05,267194.4582,29.76,31.01,27.73,348.2142857,383.81,2.312945819
UAL,United,2026,Q1,3/31/26,27,104.78,257682.7639,28.7,30.74,27.47,348.2142857,370.15,2.312945819
UAL,United,2026,Q2,6/30/26,0,103.58,0,0,0,0,0,0,2.312945819
AAL,American,2023,Q1,3/31/23,0,15.59,0,0,0,0,0,0,5.20847308
AAL,American,2023,Q2,6/30/23,0,14.66,0,0,0,0,0,0,5.20847308
AAL,American,2023,Q3,9/30/23,0,15.52,0,0,0,0,0,0,5.20847308
AAL,American,2023,Q4,12/31/23,0,12.56,0,0,0,0,0,0,5.20847308
AAL,American,2024,Q1,3/31/24,0,14.51,0,0,0,0,0,0,5.20847308
AAL,American,2024,Q2,6/30/24,0,13.14,0,0,0,0,0,0,5.20847308
AAL,American,2024,Q3,9/30/24,0,10.58,0,0,0,0,0,0,5.20847308
AAL,American,2024,Q4,12/31/24,0,14.38,0,0,0,0,0,0,5.20847308
AAL,American,2025,Q1,3/31/25,0,15.06,0,0,0,0,0,0,5.20847308
AAL,American,2025,Q2,6/30/25,0,10.71,0,0,0,0,0,0,5.20847308
AAL,American,2025,Q3,9/30/25,0,12.32,0,0,0,0,0,0,5.20847308
AAL,American,2025,Q4,12/31/25,0,13.49,0,0,0,0,0,0,5.20847308
AAL,American,2026,Q1,3/31/26,0,13.25,0,0,0,0,0,0,5.20847308
AAL,American,2026,Q2,6/30/26,0,13.38,0,0,0,0,0,0,5.20847308
DAL,Delta,2023,Q1,3/31/23,0,35.81,0,0,0,0,0,0,1.447874769
DAL,Delta,2023,Q2,6/30/23,0,35.61,0,0,0,0,0,0,1.447874769
DAL,Delta,2023,Q3,9/30/23,0,41.99,0,0,0,0,0,0,1.447874769
DAL,Delta,2023,Q4,12/31/23,0,35.16,0,0,0,0,0,0,1.447874769
DAL,Delta,2024,Q1,3/31/24,0,40.15,0,0,0,0,0,0,1.447874769
DAL,Delta,2024,Q2,6/30/24,0,48.43,0,0,0,0,0,0,1.447874769
DAL,Delta,2024,Q3,9/30/24,0,42.55,0,0,0,0,0,0,1.447874769
DAL,Delta,2024,Q4,12/31/24,0,57.87,0,0,0,0,0,0,1.447874769
DAL,Delta,2025,Q1,3/31/25,0,58.17,0,0,0,0,0,0,1.447874769
DAL,Delta,2025,Q2,6/30/25,0,45.2,0,0,0,0,0,0,1.447874769
DAL,Delta,2025,Q3,9/30/25,0,56.39,0,0,0,0,0,0,1.447874769
DAL,Delta,2025,Q4,12/31/25,0,61.96,0,0,0,0,0,0,1.447874769
DAL,Delta,2026,Q1,3/31/26,0,66.88,0,0,0,0,0,0,1.447874769
DAL,Delta,2026,Q2,6/30/26,0,75.22,0,0,0,0,0,0,1.447874769
JBLU,JetBlue,2021,Q1,3/31/21,0,17.33,0,0,0,0,0,0,1.376603774
JBLU,JetBlue,2021,Q2,6/30/21,0,19.37,0,0,0,0,0,0,1.376603774
JBLU,JetBlue,2021,Q3,9/30/21,0,15.34,0,0,0,0,0,0,1.376603774
JBLU,JetBlue,2021,Q4,12/31/21,0,14.7,0,0,0,0,0,0,1.376603774
JBLU,JetBlue,2022,Q1,3/31/22,0,14.48,0,0,0,0,0,0,1.376603774
JBLU,JetBlue,2022,Q2,6/30/22,0,10.69,0,0,0,0,0,0,1.376603774
JBLU,JetBlue,2022,Q3,9/30/22,0,8.14,0,0,0,0,0,0,1.376603774
JBLU,JetBlue,2022,Q4,12/31/22,0,7.31,0,0,0,0,0,0,1.376603774
JBLU,JetBlue,2023,Q1,3/31/23,0,7.9,0,0,0,0,0,0,1.376603774
JBLU,JetBlue,2023,Q2,6/30/23,0,7.27,0,0,0,0,0,0,1.376603774
JBLU,JetBlue,2023,Q3,9/30/23,0,6.58,0,0,0,0,0,0,1.376603774
JBLU,JetBlue,2023,Q4,12/31/23,0,4.69,0,0,0,0,0,0,1.376603774
JBLU,JetBlue,2024,Q1,3/31/24,0,6.21,0,0,0,0,0,0,1.376603774
JBLU,JetBlue,2024,Q2,6/30/24,0,6.03,0,0,0,0,0,0,1.376603774
JBLU,JetBlue,2024,Q3,9/30/24,0,5.63,0,0,0,0,0,0,1.376603774
JBLU,JetBlue,2024,Q4,12/31/24,0,6.78,0,0,0,0,0,0,1.376603774
JBLU,JetBlue,2025,Q1,3/31/25,0,6.57,0,0,0,0,0,0,1.376603774
JBLU,JetBlue,2025,Q2,6/30/25,0,4.48,0,0,0,0,0,0,1.376603774
JBLU,JetBlue,2025,Q3,9/30/25,0,4.8,0,0,0,0,0,0,1.376603774
JBLU,JetBlue,2025,Q4,12/31/25,0,4.56,0,0,0,0,0,0,1.376603774
JBLU,JetBlue,2026,Q1,3/31/26,0,5.07,0,0,0,0,0,0,1.376603774
JBLU,JetBlue,2026,Q2,6/30/26,0,5.09,0,0,0,0,0,0,1.376603774